﻿Vendor,Tax ID,Address,City,Country
Office Supplies,RO125678,Bulevardul Papetariei 57,Bucuresti,Romania
Moretronic Intelligence,DE987564,Bauhaus Strasse 21,Munchen,Germany
Purple Store,DE456232,Moven Strasse 44,Berlin,Germany
Softix Providers,FR065748,Rue Haute 32,Lyon,France
Green Restaurant,RO212121,Strada Verde 67,Iasi,Romania
Minitronic Systems,FR453231,Rue Saint Denis 68,Paris,France
Blue Lagoon,FR329083,Avenue Foch 28,Paris,France
Mecatronic Group,RO094782,Bulevardul Unirii 11,Iasi,Romania
Technology Lake,DE763212,Hauptbahnhoff Strasse 21,Stuttgart,Germany
Copiers and More,RO874231,Strada Copiatoarelor 33,Brasov,Romania
Miditronic Technologies,FR322345,Avenue Lafarge 23,Grenoble,France
Clipboard Papers,RO657483,Strada Agrafei 67,Brasov,Romania
Godmother Catering,RO123456,Strada Flamanda 45,Bucuresti,Romania
Maxitronic Limited,DE767565,Bingauer Strasse 45,Koln,Germany
