﻿Actions,WIID,Description,Type,Status,Date
,986574,Generate Yearly Report for Vendor,WI4,Open,2017-04-23
,505551,Verify Account Position,WI1,Open,2018-11-07
,350282,Research Client Check Copy,WI2,Open,2018-04-05
,748691,Verify Account Position,WI1,Open,2017-11-11
,661241,Verify Account Position,WI1,Open,2017-03-28
,340873,Process Vendor Invoice,WI3,Open,2018-09-20
,921022,Research Client Check Copy,WI2,Open,2017-05-15
,232701,Verify Account Position,WI1,Open,2018-10-04
,181872,Research Client Check Copy,WI2,Open,2017-07-07
,606754,Generate Yearly Report for Vendor,WI4,Open,2017-10-28
,759245,Calculate Client Security Hash,WI5,Open,2017-05-18
,774335,Calculate Client Security Hash,WI5,Open,2017-11-01
,337911,Verify Account Position,WI1,Open,2018-09-20
,178525,Calculate Client Security Hash,WI5,Open,2018-07-24
,812262,Research Client Check Copy,WI2,Open,2018-10-30
,210355,Calculate Client Security Hash,WI5,Open,2018-11-05
,715553,Process Vendor Invoice,WI3,Open,2018-05-20
,209442,Research Client Check Copy,WI2,Open,2018-11-15
,711892,Research Client Check Copy,WI2,Open,2018-01-10
,938753,Process Vendor Invoice,WI3,Open,2017-07-28
,235223,Process Vendor Invoice,WI3,Open,2018-03-23
,954004,Generate Yearly Report for Vendor,WI4,Open,2017-10-16
,785642,Research Client Check Copy,WI2,Open,2018-01-03
,752961,Verify Account Position,WI1,Open,2018-07-27
,694901,Verify Account Position,WI1,Open,2018-05-11
,731412,Research Client Check Copy,WI2,Open,2018-08-29
,635991,Verify Account Position,WI1,Open,2017-06-03
,820561,Verify Account Position,WI1,Open,2018-09-16
,702401,Verify Account Position,WI1,Open,2017-11-22
,147193,Process Vendor Invoice,WI3,Open,2017-03-08
,493853,Process Vendor Invoice,WI3,Open,2017-12-19
,703832,Research Client Check Copy,WI2,Open,2017-10-05
,695943,Process Vendor Invoice,WI3,Open,2017-12-26
,563785,Calculate Client Security Hash,WI5,Open,2018-06-20
,686282,Research Client Check Copy,WI2,Open,2017-11-28
,621071,Verify Account Position,WI1,Open,2018-08-09
,960383,Process Vendor Invoice,WI3,Open,2018-04-09
,483962,Research Client Check Copy,WI2,Open,2018-09-22
,674092,Research Client Check Copy,WI2,Open,2018-08-01
,678212,Research Client Check Copy,WI2,Open,2017-03-29
,872591,Verify Account Position,WI1,Open,2017-07-30
,811311,Verify Account Position,WI1,Open,2017-09-25
,961921,Verify Account Position,WI1,Open,2018-02-05
,189512,Research Client Check Copy,WI2,Open,2018-10-01
,493622,Research Client Check Copy,WI2,Open,2018-09-13
,127421,Verify Account Position,WI1,Open,2017-12-11
,979294,Generate Yearly Report for Vendor,WI4,Open,2018-07-21
,934954,Generate Yearly Report for Vendor,WI4,Open,2018-07-30
,543273,Process Vendor Invoice,WI3,Open,2017-04-20
,824643,Process Vendor Invoice,WI3,Open,2018-05-12
,124013,Process Vendor Invoice,WI3,Open,2017-04-04
,437071,Verify Account Position,WI1,Open,2017-11-13
,408822,Research Client Check Copy,WI2,Open,2018-03-23
,503405,Calculate Client Security Hash,WI5,Open,2017-09-01
,577052,Research Client Check Copy,WI2,Open,2017-04-29
,613134,Generate Yearly Report for Vendor,WI4,Open,2018-11-16
,605201,Verify Account Position,WI1,Open,2018-05-21
,207415,Calculate Client Security Hash,WI5,Open,2018-10-29
,665625,Calculate Client Security Hash,WI5,Open,2017-12-27
,798022,Research Client Check Copy,WI2,Open,2017-04-19
,894933,Process Vendor Invoice,WI3,Open,2018-11-01
,229272,Research Client Check Copy,WI2,Open,2018-02-10
,512642,Research Client Check Copy,WI2,Open,2018-03-28
,605432,Research Client Check Copy,WI2,Open,2018-06-10
,390871,Verify Account Position,WI1,Open,2017-05-30
,544751,Verify Account Position,WI1,Open,2017-08-27
,688873,Process Vendor Invoice,WI3,Open,2017-06-29
,503165,Calculate Client Security Hash,WI5,Open,2017-01-17
,770661,Verify Account Position,WI1,Open,2017-03-08
,350232,Research Client Check Copy,WI2,Open,2017-12-05
,785024,Generate Yearly Report for Vendor,WI4,Open,2017-02-09
,494552,Research Client Check Copy,WI2,Open,2017-11-13
,263923,Process Vendor Invoice,WI3,Open,2017-02-11
,424135,Calculate Client Security Hash,WI5,Open,2018-08-11
,282141,Verify Account Position,WI1,Open,2017-03-09
,919141,Verify Account Position,WI1,Open,2018-09-17
,724835,Calculate Client Security Hash,WI5,Open,2017-03-13
,741382,Research Client Check Copy,WI2,Open,2017-08-15
,905033,Process Vendor Invoice,WI3,Open,2018-08-01
,608055,Calculate Client Security Hash,WI5,Open,2018-08-13
,418212,Research Client Check Copy,WI2,Open,2018-02-24
,178822,Research Client Check Copy,WI2,Open,2017-08-13
,481682,Research Client Check Copy,WI2,Open,2017-12-03
,171874,Generate Yearly Report for Vendor,WI4,Open,2017-08-22
,311121,Verify Account Position,WI1,Open,2018-11-22
,558805,Calculate Client Security Hash,WI5,Open,2017-12-30
,877182,Research Client Check Copy,WI2,Open,2017-04-14
,313952,Research Client Check Copy,WI2,Open,2018-03-16
,425324,Generate Yearly Report for Vendor,WI4,Open,2018-11-27
,136024,Generate Yearly Report for Vendor,WI4,Open,2017-09-19
,759822,Research Client Check Copy,WI2,Open,2018-03-26
,493652,Research Client Check Copy,WI2,Open,2017-06-20
,709565,Calculate Client Security Hash,WI5,Open,2017-04-09
,142712,Research Client Check Copy,WI2,Open,2018-05-11
,753954,Generate Yearly Report for Vendor,WI4,Open,2018-10-25
,231092,Research Client Check Copy,WI2,Open,2017-08-17
,450882,Research Client Check Copy,WI2,Open,2018-01-02
,840345,Calculate Client Security Hash,WI5,Open,2018-07-11
,899754,Generate Yearly Report for Vendor,WI4,Open,2018-05-05
,112131,Verify Account Position,WI1,Open,2018-02-07
