﻿Actions,WIID,Description,Type,Status,Date
,986574,Generate Yearly Report for Vendor,WI4,Open,2017-04-23
,505551,Verify Account Position,WI1,Open,2018-11-07
,350282,Research Client Check Copy,WI2,Open,2018-04-05
,748691,Verify Account Position,WI1,Open,2017-11-11
,661241,Verify Account Position,WI1,Open,2017-03-28
,340873,Process Vendor Invoice,WI3,Open,2018-09-20
,921022,Research Client Check Copy,WI2,Open,2017-05-15
,232701,Verify Account Position,WI1,Open,2018-10-04
,181872,Research Client Check Copy,WI2,Open,2017-07-07
,606754,Generate Yearly Report for Vendor,WI4,Open,2017-10-28
,759245,Calculate Client Security Hash,WI5,Open,2017-05-18
,774335,Calculate Client Security Hash,WI5,Open,2017-11-01
,337911,Verify Account Position,WI1,Open,2018-09-20
,178525,Calculate Client Security Hash,WI5,Open,2018-07-24
,812262,Research Client Check Copy,WI2,Open,2018-10-30
,210355,Calculate Client Security Hash,WI5,Open,2018-11-05
,715553,Process Vendor Invoice,WI3,Open,2018-05-20
,209442,Research Client Check Copy,WI2,Open,2018-11-15
,711892,Research Client Check Copy,WI2,Open,2018-01-10
,938753,Process Vendor Invoice,WI3,Open,2017-07-28
