﻿Incident,Date,Priority,Status
INC0000060,2016-12-12 07:19:57,3 - Moderate	,Closed	
INC0000059,2016-08-10 09:14:29,3 - Moderate	,New	
INC0000058,2016-08-10 09:37:45,5 - Planning	,New	
INC0000057,2016-08-10 09:14:59,5 - Planning	,New	
INC0000055,2018-08-01 21:47:23,1 - Critical	,In Progress	
INC0000054,2015-11-02 12:49:08,1 - Critical	,On Hold	
INC0000053,2018-08-01 13:48:46,1 - Critical	,In Progress	
INC0000052,2018-08-01 13:48:40,1 - Critical	,In Progress	
INC0000051,2018-08-01 13:48:32,1 - Critical	,In Progress	
INC0000050,2018-08-01 14:58:24,1 - Critical	,In Progress	
INC0000049,2018-08-01 14:56:37,2 - High	,In Progress	
INC0000048,2015-11-02 14:05:36,4 - Low	,On Hold	
INC0000047,2018-08-01 13:53:18,3 - Moderate	,In Progress	
INC0000046,2018-08-01 15:04:15,3 - Moderate	,New	
INC0000044,2018-05-24 17:47:08,2 - High	,In Progress	
INC0000041,2018-05-24 17:44:53,3 - Moderate	,In Progress	
INC0000040,2018-05-24 17:42:45,3 - Moderate	,On Hold	
INC0000039,2018-05-24 17:41:01,5 - Planning	,New	
INC0000038,2018-05-29 17:36:44,4 - Low	,Closed	
INC0000037,2018-05-24 17:34:56,3 - Moderate	,In Progress	
