{"Packages":[{"Package":{"Id":"Newtonsoft.Json","Version":"12.0.1"},"Assemblies":["C:\\Users\\linus\\.nuget\\packages\\newtonsoft.json/12.0.1\\lib/net45/Newtonsoft.Json.dll"]},{"Package":{"Id":"UiPath","Version":"10.0.6929.25268"},"Assemblies":["C:\\Users\\linus\\.nuget\\packages\\uipath/10.0.6929.25268\\lib/UiPath.Interop.dll"]},{"Package":{"Id":"UiPath.Excel.Activities","Version":"2.5.0"},"Assemblies":["C:\\Users\\linus\\.nuget\\packages\\closedxml/0.87.1\\lib/net40/ClosedXML.dll","C:\\Users\\linus\\.nuget\\packages\\csvhelper/2.13.5\\lib/net40-client/CsvHelper.dll","C:\\Users\\linus\\.nuget\\packages\\documentformat.openxml/2.5.0\\lib/DocumentFormat.OpenXml.dll","C:\\Users\\linus\\.nuget\\packages\\microsoft.visualstudio.ole.interop/7.10.6071\\lib/Microsoft.VisualStudio.OLE.Interop.dll","C:\\Users\\linus\\.nuget\\packages\\npoi/2.2.1\\lib/net40/NPOI.OOXML.dll","C:\\Users\\linus\\.nuget\\packages\\npoi/2.2.1\\lib/net40/NPOI.OpenXml4Net.dll","C:\\Users\\linus\\.nuget\\packages\\npoi/2.2.1\\lib/net40/NPOI.OpenXmlFormats.dll","C:\\Users\\linus\\.nuget\\packages\\npoi/2.2.1\\lib/net40/NPOI.dll","C:\\Users\\linus\\.nuget\\packages\\sharpziplib/0.86.0\\lib/20/ICSharpCode.SharpZipLib.dll","C:\\Users\\linus\\.nuget\\packages\\uipath.excel.activities/2.5.0\\lib/net452/UiPath.Excel.Activities.Design.dll","C:\\Users\\linus\\.nuget\\packages\\uipath.excel.activities/2.5.0\\lib/net452/UiPath.Excel.Activities.dll","C:\\Users\\linus\\.nuget\\packages\\uipath.excel.activities/2.5.0\\lib/net452/UiPath.Excel.dll"]},{"Package":{"Id":"UiPath.Mail.Activities","Version":"1.3.0"},"Assemblies":["C:\\Users\\linus\\.nuget\\packages\\bouncycastle/1.8.1\\lib/BouncyCastle.Crypto.dll","C:\\Users\\linus\\.nuget\\packages\\microsoft.exchange.webservices/2.2.0\\lib/40/Microsoft.Exchange.WebServices.Auth.dll","C:\\Users\\linus\\.nuget\\packages\\microsoft.exchange.webservices/2.2.0\\lib/40/Microsoft.Exchange.WebServices.dll","C:\\Users\\linus\\.nuget\\packages\\uipath.mail.activities/1.3.0\\lib/net452/MailKit.dll","C:\\Users\\linus\\.nuget\\packages\\uipath.mail.activities/1.3.0\\lib/net452/MimeKit.dll","C:\\Users\\linus\\.nuget\\packages\\uipath.mail.activities/1.3.0\\lib/net452/UiPath.Mail.Activities.Design.dll","C:\\Users\\linus\\.nuget\\packages\\uipath.mail.activities/1.3.0\\lib/net452/UiPath.Mail.Activities.dll","C:\\Users\\linus\\.nuget\\packages\\uipath.mail.activities/1.3.0\\lib/net452/UiPath.Mail.dll"]},{"Package":{"Id":"UiPath.System.Activities","Version":"18.4.2"},"Assemblies":["C:\\Users\\linus\\.nuget\\packages\\csvhelper/2.13.5\\lib/net40-client/CsvHelper.dll","C:\\Users\\linus\\.nuget\\packages\\microsoft.rest.clientruntime/2.3.10\\lib/net452/Microsoft.Rest.ClientRuntime.dll","C:\\Users\\linus\\.nuget\\packages\\newtonsoft.json/12.0.1\\lib/net45/Newtonsoft.Json.dll","C:\\Users\\linus\\.nuget\\packages\\uipath.system.activities/18.4.2\\lib/net461/ActiproSoftware.Docking.Wpf.dll","C:\\Users\\linus\\.nuget\\packages\\uipath.system.activities/18.4.2\\lib/net461/ActiproSoftware.Ribbon.Wpf.dll","C:\\Users\\linus\\.nuget\\packages\\uipath.system.activities/18.4.2\\lib/net461/ActiproSoftware.Shared.Wpf.dll","C:\\Users\\linus\\.nuget\\packages\\uipath.system.activities/18.4.2\\lib/net461/ActiproSoftware.SyntaxEditor.Addons.DotNet.Wpf.dll","C:\\Users\\linus\\.nuget\\packages\\uipath.system.activities/18.4.2\\lib/net461/ActiproSoftware.SyntaxEditor.Wpf.dll","C:\\Users\\linus\\.nuget\\packages\\uipath.system.activities/18.4.2\\lib/net461/ActiproSoftware.Text.Addons.DotNet.Wpf.dll","C:\\Users\\linus\\.nuget\\packages\\uipath.system.activities/18.4.2\\lib/net461/ActiproSoftware.Text.LLParser.Wpf.dll","C:\\Users\\linus\\.nuget\\packages\\uipath.system.activities/18.4.2\\lib/net461/ActiproSoftware.Text.Wpf.dll","C:\\Users\\linus\\.nuget\\packages\\uipath.system.activities/18.4.2\\lib/net461/ActiproSoftware.Wizard.Wpf.dll","C:\\Users\\linus\\.nuget\\packages\\uipath.system.activities/18.4.2\\lib/net461/UiPath.OrchestratorClient.dll","C:\\Users\\linus\\.nuget\\packages\\uipath.system.activities/18.4.2\\lib/net461/UiPath.System.Activities.Design.dll","C:\\Users\\linus\\.nuget\\packages\\uipath.system.activities/18.4.2\\lib/net461/UiPath.System.Activities.dll"]},{"Package":{"Id":"UiPath.UIAutomation.Activities","Version":"18.4.3"},"Assemblies":["C:\\Users\\linus\\.nuget\\packages\\avalonedit/5.0.3\\lib/Net40/ICSharpCode.AvalonEdit.dll","C:\\Users\\linus\\.nuget\\packages\\caliburn.micro/3.0.1\\lib/net45/Caliburn.Micro.Platform.Core.dll","C:\\Users\\linus\\.nuget\\packages\\caliburn.micro/3.0.1\\lib/net45/Caliburn.Micro.Platform.dll","C:\\Users\\linus\\.nuget\\packages\\caliburn.micro/3.0.1\\lib/net45/System.Windows.Interactivity.dll","C:\\Users\\linus\\.nuget\\packages\\caliburn.micro.core/3.0.1\\lib/net45/Caliburn.Micro.dll","C:\\Users\\linus\\.nuget\\packages\\extended.wpf.toolkit/2.8.0\\lib/net40/Xceed.Wpf.AvalonDock.Themes.Aero.dll","C:\\Users\\linus\\.nuget\\packages\\extended.wpf.toolkit/2.8.0\\lib/net40/Xceed.Wpf.AvalonDock.Themes.Metro.dll","C:\\Users\\linus\\.nuget\\packages\\extended.wpf.toolkit/2.8.0\\lib/net40/Xceed.Wpf.AvalonDock.Themes.VS2010.dll","C:\\Users\\linus\\.nuget\\packages\\extended.wpf.toolkit/2.8.0\\lib/net40/Xceed.Wpf.AvalonDock.dll","C:\\Users\\linus\\.nuget\\packages\\extended.wpf.toolkit/2.8.0\\lib/net40/Xceed.Wpf.DataGrid.dll","C:\\Users\\linus\\.nuget\\packages\\extended.wpf.toolkit/2.8.0\\lib/net40/Xceed.Wpf.Toolkit.dll","C:\\Users\\linus\\.nuget\\packages\\humanizer.core/2.4.2\\lib/netstandard2.0/Humanizer.dll","C:\\Users\\linus\\.nuget\\packages\\uipath/10.0.6929.25268\\lib/UiPath.Interop.dll","C:\\Users\\linus\\.nuget\\packages\\uipath.uiautomation.activities/18.4.3\\lib/net461/ActiproSoftware.Docking.Wpf.dll","C:\\Users\\linus\\.nuget\\packages\\uipath.uiautomation.activities/18.4.3\\lib/net461/ActiproSoftware.Editors.Wpf.dll","C:\\Users\\linus\\.nuget\\packages\\uipath.uiautomation.activities/18.4.3\\lib/net461/ActiproSoftware.Ribbon.Wpf.dll","C:\\Users\\linus\\.nuget\\packages\\uipath.uiautomation.activities/18.4.3\\lib/net461/ActiproSoftware.Shared.Wpf.dll","C:\\Users\\linus\\.nuget\\packages\\uipath.uiautomation.activities/18.4.3\\lib/net461/ActiproSoftware.SyntaxEditor.Addons.DotNet.Wpf.dll","C:\\Users\\linus\\.nuget\\packages\\uipath.uiautomation.activities/18.4.3\\lib/net461/ActiproSoftware.SyntaxEditor.Wpf.dll","C:\\Users\\linus\\.nuget\\packages\\uipath.uiautomation.activities/18.4.3\\lib/net461/ActiproSoftware.Text.Addons.DotNet.Wpf.dll","C:\\Users\\linus\\.nuget\\packages\\uipath.uiautomation.activities/18.4.3\\lib/net461/ActiproSoftware.Text.LLParser.Wpf.dll","C:\\Users\\linus\\.nuget\\packages\\uipath.uiautomation.activities/18.4.3\\lib/net461/ActiproSoftware.Text.Wpf.dll","C:\\Users\\linus\\.nuget\\packages\\uipath.uiautomation.activities/18.4.3\\lib/net461/ActiproSoftware.Wizard.Wpf.dll","C:\\Users\\linus\\.nuget\\packages\\uipath.uiautomation.activities/18.4.3\\lib/net461/UiPath.UIAutomation.Activities.Design.dll","C:\\Users\\linus\\.nuget\\packages\\uipath.uiautomation.activities/18.4.3\\lib/net461/UiPath.UiAutomation.Activities.dll","C:\\Users\\linus\\.nuget\\packages\\uipath.uiautomation.activities/18.4.3\\lib/net461/UiPath.Wizards.dll","C:\\Users\\linus\\.nuget\\packages\\uipath.vision/1.2.0\\lib/net452/UiPath.NeuralNet.dll","C:\\Users\\linus\\.nuget\\packages\\uipath.vision/1.2.0\\lib/net452/UiPath.Vision.Core.dll","C:\\Users\\linus\\.nuget\\packages\\uipath.vision/1.2.0\\lib/net452/UiPath.Vision.dll","C:\\Users\\linus\\.nuget\\packages\\uipath.vision/1.2.0\\lib/net452/UiPath.Vision.Package.dll"]},{"Package":{"Id":"Microsoft.Activities","Version":"1.0.1"},"Assemblies":["C:\\Users\\linus\\.nuget\\packages\\microsoft.activities/1.0.1\\lib/net45/Microsoft.Activities.Design.dll","C:\\Users\\linus\\.nuget\\packages\\microsoft.activities/1.0.1\\lib/net45/Microsoft.Activities.Design.Services.dll","C:\\Users\\linus\\.nuget\\packages\\microsoft.activities/1.0.1\\lib/net45/Microsoft.Activities.dll","C:\\Users\\linus\\.nuget\\packages\\microsoft.activities/1.0.1\\lib/net45/Microsoft.Workflow.Client.dll","C:\\Users\\linus\\.nuget\\packages\\microsoft.activities/1.0.1\\lib/net45/Microsoft.Workflow.Common.dll","C:\\Users\\linus\\.nuget\\packages\\microsoft.activities/1.0.1\\lib/net45/Microsoft.Workflow.Tracing.dll"]},{"Package":{"Id":"Microsoft.Activities.Extensions","Version":"2.0.6.9"},"Assemblies":["C:\\Users\\linus\\.nuget\\packages\\microsoft.activities.extensions/2.0.6.9\\lib/Net45/Microsoft.Activities.Extensions.Design.dll","C:\\Users\\linus\\.nuget\\packages\\microsoft.activities.extensions/2.0.6.9\\lib/Net45/Microsoft.Activities.Extensions.dll"]},{"Package":{"Id":"UiPath.FTP.Activities","Version":"1.0.6710.16240"},"Assemblies":["C:\\Users\\linus\\.nuget\\packages\\fluentftp/19.1.2\\lib/net45/FluentFTP.dll","C:\\Users\\linus\\.nuget\\packages\\ssh.net/2016.1.0\\lib/net40/Renci.SshNet.dll","C:\\Users\\linus\\.nuget\\packages\\uipath.ftp.activities/1.0.6710.16240\\lib/net452/UiPath.FTP.Activities.Design.dll","C:\\Users\\linus\\.nuget\\packages\\uipath.ftp.activities/1.0.6710.16240\\lib/net452/UiPath.FTP.Activities.dll","C:\\Users\\linus\\.nuget\\packages\\uipath.ftp.activities/1.0.6710.16240\\lib/net452/UiPath.FTP.dll"]},{"Package":{"Id":"UiPathTeam.Excel.Extensions.Activities","Version":"1.0.4"},"Assemblies":["C:\\Users\\linus\\.nuget\\packages\\uipathteam.excel.extensions.activities/1.0.4\\lib/Excel.Activities.dll"]}],"Conflicts":[]}